{"CLSTR777_p0": {"CLSTR777_p0": 1.0, "CLSTR777_p1": 0.8448962264150914, "CLSTR777_p2": 0.8008872985088821, "CLSTR777_p3": 0.8241712303881009, "CLSTR777_p4": 0.8190316352946228}, "CLSTR777_p1": {"CLSTR777_p0": 0.8452358490565975, "CLSTR777_p1": 1.0, "CLSTR777_p2": 0.8109513497389855, "CLSTR777_p3": 0.7887323943662049, "CLSTR777_p4": 0.8691713387359146}, "CLSTR777_p2": {"CLSTR777_p0": 0.8092502736766221, "CLSTR777_p1": 0.8108702386278743, "CLSTR777_p2": 1.0, "CLSTR777_p3": 0.8171970276314895, "CLSTR777_p4": 0.8408429547575516}, "CLSTR777_p3": {"CLSTR777_p0": 0.8545613445378203, "CLSTR777_p1": 0.7887323943662049, "CLSTR777_p2": 0.8173932616694473, "CLSTR777_p3": 1.0, "CLSTR777_p4": 0.9049031730073582}, "CLSTR777_p4": {"CLSTR777_p0": 0.8190469922337655, "CLSTR777_p1": 0.8690220507551623, "CLSTR777_p2": 0.8472097287284488, "CLSTR777_p3": 0.9103955876740107, "CLSTR777_p4": 1.0}, "CLSTR497_p0": {"CLSTR497_p0": 1.0, "CLSTR497_p1": 1.0, "CLSTR497_p2": 0.8374966331710325, "CLSTR497_p3": 0.8813075106282294, "CLSTR497_p4": 0.8813075106282294}, "CLSTR497_p1": {"CLSTR497_p0": 1.0, "CLSTR497_p1": 1.0, "CLSTR497_p2": 0.8374966331710325, "CLSTR497_p3": 0.8813075106282294, "CLSTR497_p4": 0.8813075106282294}, "CLSTR497_p2": {"CLSTR497_p0": 0.8374966331710325, "CLSTR497_p1": 0.8374966331710325, "CLSTR497_p2": 1.0, "CLSTR497_p3": 0.8717948717948867, "CLSTR497_p4": 0.8717948717948867}, "CLSTR497_p3": {"CLSTR497_p0": 0.8813075106282294, "CLSTR497_p1": 0.8813075106282294, "CLSTR497_p2": 0.8717948717948867, "CLSTR497_p3": 1.0, "CLSTR497_p4": 1.0}, "CLSTR497_p4": {"CLSTR497_p0": 0.8813075106282294, "CLSTR497_p1": 0.8813075106282294, "CLSTR497_p2": 0.8717948717948867, "CLSTR497_p3": 1.0, "CLSTR497_p4": 1.0}}